Id,Importance
0,0.009421132113554338
1,-0.13187176041076584
2,-0.11983491343882605
3,0.09868975533865385
4,0.048406749175451624
5,0.05706756710797692
6,0.048406749175451624
7,0.039528987279215694
8,-0.075937692553521
9,0.0
10,0.0
11,-3.2346693997345715E-4
12,0.02163606909328729
13,0.035535535440456775
14,0.0027563170010429516
15,-2.482671487467336E-4
16,-0.01905795409898038
17,-0.03367415498666152
18,0.019499347852384108
