Id,Importance
0,0.025974648926811603
1,6.917129044979849E-4
2,0.022625490551174604
3,9.295416289453189E-4
4,0.023092293279083288
5,0.0
6,0.0
7,-0.11483282418310177
8,-0.13892852633008132
9,-0.06478512700266698
10,0.11064189841200811
11,0.09809186383848095
12,0.1328046500621461
13,0.1328046500621461
14,0.09809186383848095
15,-0.02570309581574267
16,-0.0024558732898910455
17,0.022162751650137973
18,0.022162751650137973
19,-0.14944036731784618
20,-0.19392830286472093
